a,b,c
gsc,fbgooimg_-1144944032,https://m.facebook.com/pages/category/Beauty-Salon/drhoat/posts/
gsc,fbgooimg_1222170525,https://vi-vn.facebook.com/thienthaomoc/
gsc,fbgooimg_1394561460,https://www.facebook.com/pages/category/Beauty--Cosmetic---Personal-Care/H%E1%BB%93ng-G%E1%BA%A5m-Make-up-Beauty-111666696834812/
gsc,fbgooimg_-1144944032,https://m.facebook.com/pages/category/Beauty-Salon/drhoat/posts/
gsc,fbgooimg_692742535,https://m.facebook.com/N%E1%BB%AE-NHI-SHOP-486471041509748/posts
gsc,fbgooimg_184071976,https://m.facebook.com/vienuongdaothaidoctoAlaishy/
gsc,fbgooimg_1476927562,https://www.facebook.com/Minstore202020/
gsc,fbgooimg_-1241508384,https://m.facebook.com/Sorella-Beauty-Spa-Cs-N%C3%BAi-Tr%C3%BAc-100598211887932/posts
gsc,fbgooimg_1859884960,https://m.facebook.com/mothertomfashion/
gsc,fbgooimg_-1356299462,https://www.facebook.com/spacolico/
gsc,fbgooimg_-137654346,https://www.facebook.com/hongnhuhoa.trithamvungkin.chaunguyen.hcm/
gsc,fbgooimg_1545327678,https://m.facebook.com/4321420534548586
gsc,fbgooimg_-1085679937,https://www.facebook.com/pages/category/Recruiter/Tuy%E1%BB%83n-D%E1%BB%A5ng-Chuy%C3%AAn-Vi%C3%AAn-T%C6%B0-V%E1%BA%A5n-L%C6%B0%C6%A1ng-Cao-112533356826992/
gsc,fbgooimg_-1764892963,https://www.facebook.com/tamduocstore/
gsc,fbgooimg_-1090447350,https://www.facebook.com/Giant-Media-JSC-101979035073097/photos/
gsc,fbgooimg_-1144944032,https://m.facebook.com/pages/category/Beauty-Salon/drhoat/posts/
gsc,fbgooimg_-1431483354,https://m.facebook.com/VienthammybekoKorea/
gsc,fbgooimg_-1023524177,https://m.facebook.com/111143820391034/posts/kem-body-vip-hm-stored%C6%B0%E1%BB%A1ng-da-tr%E1%BA%AFng-m%E1%BB%8Bn-t%E1%BB%AB-s%C3%A2u-b%C3%AAn-trong-kh%C3%B4ng-b%E1%BA%AFt-n%E1%BA%AFng-ch%E1%BB%89-s%E1%BB%91-c/189273495911399/
gsc,fbgooimg_-795034821,https://m.facebook.com/NhaKhoaHongMinh/photos/
gsc,fbgooimg_-966536823,https://www.facebook.com/molistar.official/posts/?ref=page_internal
gsc,fbgooimg_-587671925,https://www.facebook.com/kemfacelanhdrlacir/
gsc,fbgooimg_251752772,https://www.facebook.com/pages/category/Beauty--cosmetic---personal-care/M%E1%BB%B9-Ph%E1%BA%A9m-Cao-C%E1%BA%A5p-Hm-Store-Tr%E1%BA%AFng-Da-106037314424181/
gsc,fbgooimg_1851116518,https://ms-my.facebook.com/zingmp3/posts/10158171306321965
gsc,fbgooimg_743168155,https://m.facebook.com/pages/category/Health-Beauty/thamtaybeauty/posts/
gsc,fbgooimg_-2093079400,https://www.facebook.com/105936674933385/posts/nh%E1%BB%AFng-n%C3%A0ng-th%C6%A1-nh%C3%A0-bl/122162129977506/
gsc,fbgooimg_-510623927,https://www.facebook.com/MaiMaiBeautySpa/
gsc,fbgooimg_763631080,https://m.facebook.com/charm.of.law.hlu.2018/photos/d41d8cd9/1350244161653065/
gsc,fbgooimg_-1190539948,https://m.facebook.com/hongvicfashion/posts/-h%C3%A0ng-c%C3%B3-s%E1%BA%B5n-showroom-354-th%C3%A1i-h%C3%A0-g%E1%BA%A7n-r%E1%BA%A1p-chi%E1%BA%BFu-film-qu%E1%BB%91c-gia-order-0986820388-0/1997289530314360/
